ProductId;Prompt;Sampling;Model_Output;GPT-4_Faktenbewertung
200440;"Du bist ein Produktexperte.

Hier ist die Beschreibung eines Produkts:
Anschluss A: 1x Cinch
Anschluss B: 1x Cinch
Anwendungsbereich: Consumer / Hi-Fi
Art: Kabel
Audio Kabeltyp: Cinch
Datenübertragung: Digital
Genaue Materialbezeichnung: Kupfer
Innenleiter Material: Kupfer
Kabel Anwendung: Digital-audio
Kabel Bauform: sauerstofffreies Kupfer
Kabel Verbindung: Anschluss (M/M)
Kabelfarbe: Blau
Länge: 3 Meter (m) Meter
Menge pro Packung: 1 Stück (Stk.) Stück
Steckerform: Vergoldete Kontakte
Steckerform: Gerade
Tiefe: 3 Meter (m) Meter

Frage: Welche technischen Eigenschaften oder Funktionen hat dieses Produkt? Bitte antworte möglichst präzise und in maximal 3 Sätzen.

ANTWORT:";output_t0.0_p0.8_f0.0_pr0.0;Dieses Produkt ist ein 3 Meter langes, blaues Cinch-Kabel für den Consumer/Hi-Fi-Bereich, das für die digitale Audio-Datenübertragung genutzt wird. Es besteht aus sauerstofffreiem Kupfer und hat vergoldete Kontakte für eine optimale Signalübertragung. Das Kabel hat an beiden Enden einen Cinch-Anschluss (M/M).;Faktisch korrekt
200440;"Du bist ein Produktexperte.

Hier ist die Beschreibung eines Produkts:
Anschluss A: 1x Cinch
Anschluss B: 1x Cinch
Anwendungsbereich: Consumer / Hi-Fi
Art: Kabel
Audio Kabeltyp: Cinch
Datenübertragung: Digital
Genaue Materialbezeichnung: Kupfer
Innenleiter Material: Kupfer
Kabel Anwendung: Digital-audio
Kabel Bauform: sauerstofffreies Kupfer
Kabel Verbindung: Anschluss (M/M)
Kabelfarbe: Blau
Länge: 3 Meter (m) Meter
Menge pro Packung: 1 Stück (Stk.) Stück
Steckerform: Vergoldete Kontakte
Steckerform: Gerade
Tiefe: 3 Meter (m) Meter

Frage: Welche technischen Eigenschaften oder Funktionen hat dieses Produkt? Bitte antworte möglichst präzise und in maximal 3 Sätzen.

ANTWORT:";output_t0.0_p0.8_f0.0_pr2.0;Dieses Produkt ist ein 3 Meter langes, blaues Cinch-Kabel für den Consumer/Hi-Fi Bereich. Es ermöglicht die digitale Datenübertragung und besteht aus sauerstofffreiem Kupfer mit vergoldeten Kontakten. Die Steckerform ist gerade und es wird in Einzelpackungen geliefert.;Faktisch korrekt
200440;"Du bist ein Produktexperte.

Hier ist die Beschreibung eines Produkts:
Anschluss A: 1x Cinch
Anschluss B: 1x Cinch
Anwendungsbereich: Consumer / Hi-Fi
Art: Kabel
Audio Kabeltyp: Cinch
Datenübertragung: Digital
Genaue Materialbezeichnung: Kupfer
Innenleiter Material: Kupfer
Kabel Anwendung: Digital-audio
Kabel Bauform: sauerstofffreies Kupfer
Kabel Verbindung: Anschluss (M/M)
Kabelfarbe: Blau
Länge: 3 Meter (m) Meter
Menge pro Packung: 1 Stück (Stk.) Stück
Steckerform: Vergoldete Kontakte
Steckerform: Gerade
Tiefe: 3 Meter (m) Meter

Frage: Welche technischen Eigenschaften oder Funktionen hat dieses Produkt? Bitte antworte möglichst präzise und in maximal 3 Sätzen.

ANTWORT:";output_t0.0_p0.8_f2.0_pr0.0;Dieses Produkt ist ein 3 Meter langes, blaues Cinch-Kabel für den Consumer/Hi-Fi Bereich. Es ermöglicht die digitale Datenübertragung von Audio und besteht aus sauerstofffreiem Kupfer mit vergoldeten Kontakten. Das Kabel hat einen geraden Stecker und wird in Einzelpackungen geliefert.;Faktisch korrekt
200440;"Du bist ein Produktexperte.

Hier ist die Beschreibung eines Produkts:
Anschluss A: 1x Cinch
Anschluss B: 1x Cinch
Anwendungsbereich: Consumer / Hi-Fi
Art: Kabel
Audio Kabeltyp: Cinch
Datenübertragung: Digital
Genaue Materialbezeichnung: Kupfer
Innenleiter Material: Kupfer
Kabel Anwendung: Digital-audio
Kabel Bauform: sauerstofffreies Kupfer
Kabel Verbindung: Anschluss (M/M)
Kabelfarbe: Blau
Länge: 3 Meter (m) Meter
Menge pro Packung: 1 Stück (Stk.) Stück
Steckerform: Vergoldete Kontakte
Steckerform: Gerade
Tiefe: 3 Meter (m) Meter

Frage: Welche technischen Eigenschaften oder Funktionen hat dieses Produkt? Bitte antworte möglichst präzise und in maximal 3 Sätzen.

ANTWORT:";output_t0.0_p0.8_f2.0_pr2.0;Dieses Produkt ist ein 3 Meter langes, blaues Cinch-Kabel für den Consumer/Hi-Fi-Bereich. Es besteht aus sauerstofffreiem Kupfer und ermöglicht eine digitale Datenübertragung. Die Steckerform ist gerade mit vergoldeten Kontakten für optimierte Signalqualität.;Faktisch korrekt
200440;"Du bist ein Produktexperte.

Hier ist die Beschreibung eines Produkts:
Anschluss A: 1x Cinch
Anschluss B: 1x Cinch
Anwendungsbereich: Consumer / Hi-Fi
Art: Kabel
Audio Kabeltyp: Cinch
Datenübertragung: Digital
Genaue Materialbezeichnung: Kupfer
Innenleiter Material: Kupfer
Kabel Anwendung: Digital-audio
Kabel Bauform: sauerstofffreies Kupfer
Kabel Verbindung: Anschluss (M/M)
Kabelfarbe: Blau
Länge: 3 Meter (m) Meter
Menge pro Packung: 1 Stück (Stk.) Stück
Steckerform: Vergoldete Kontakte
Steckerform: Gerade
Tiefe: 3 Meter (m) Meter

Frage: Welche technischen Eigenschaften oder Funktionen hat dieses Produkt? Bitte antworte möglichst präzise und in maximal 3 Sätzen.

ANTWORT:";output_t0.0_p1.0_f0.0_pr0.0;Dieses Produkt ist ein 3 Meter langes, blaues Cinch-Kabel für den Consumer/Hi-Fi-Bereich, das für die digitale Audio-Datenübertragung genutzt wird. Es besteht aus sauerstofffreiem Kupfer und hat vergoldete, gerade Kontakte für eine optimale Signalübertragung. Es ist mit einem Cinch-Anschluss an beiden Enden ausgestattet.;Faktisch korrekt
200440;"Du bist ein Produktexperte.

Hier ist die Beschreibung eines Produkts:
Anschluss A: 1x Cinch
Anschluss B: 1x Cinch
Anwendungsbereich: Consumer / Hi-Fi
Art: Kabel
Audio Kabeltyp: Cinch
Datenübertragung: Digital
Genaue Materialbezeichnung: Kupfer
Innenleiter Material: Kupfer
Kabel Anwendung: Digital-audio
Kabel Bauform: sauerstofffreies Kupfer
Kabel Verbindung: Anschluss (M/M)
Kabelfarbe: Blau
Länge: 3 Meter (m) Meter
Menge pro Packung: 1 Stück (Stk.) Stück
Steckerform: Vergoldete Kontakte
Steckerform: Gerade
Tiefe: 3 Meter (m) Meter

Frage: Welche technischen Eigenschaften oder Funktionen hat dieses Produkt? Bitte antworte möglichst präzise und in maximal 3 Sätzen.

ANTWORT:";output_t0.0_p1.0_f0.0_pr2.0;Dieses Produkt ist ein 3 Meter langes, blaues Cinch-Kabel für den Consumer/Hi-Fi-Bereich mit digitaler Datenübertragung. Es besteht aus sauerstofffreiem Kupfer und hat vergoldete Kontakte für eine optimale Signalqualität. Das Kabel verfügt über einen geraden Stecker an beiden Enden (M/M).;Faktisch korrekt
200440;"Du bist ein Produktexperte.

Hier ist die Beschreibung eines Produkts:
Anschluss A: 1x Cinch
Anschluss B: 1x Cinch
Anwendungsbereich: Consumer / Hi-Fi
Art: Kabel
Audio Kabeltyp: Cinch
Datenübertragung: Digital
Genaue Materialbezeichnung: Kupfer
Innenleiter Material: Kupfer
Kabel Anwendung: Digital-audio
Kabel Bauform: sauerstofffreies Kupfer
Kabel Verbindung: Anschluss (M/M)
Kabelfarbe: Blau
Länge: 3 Meter (m) Meter
Menge pro Packung: 1 Stück (Stk.) Stück
Steckerform: Vergoldete Kontakte
Steckerform: Gerade
Tiefe: 3 Meter (m) Meter

Frage: Welche technischen Eigenschaften oder Funktionen hat dieses Produkt? Bitte antworte möglichst präzise und in maximal 3 Sätzen.

ANTWORT:";output_t0.0_p1.0_f2.0_pr0.0;Dieses Produkt ist ein 3 Meter langes, blaues Cinch-Kabel für den Consumer/Hi-Fi-Bereich mit digitaler Datenübertragung. Es besteht aus sauerstofffreiem Kupfer und hat vergoldete Kontakte für eine optimale Signalqualität. Das Kabel verfügt über einen geraden Anschluss (M/M).;Faktisch korrekt
200440;"Du bist ein Produktexperte.

Hier ist die Beschreibung eines Produkts:
Anschluss A: 1x Cinch
Anschluss B: 1x Cinch
Anwendungsbereich: Consumer / Hi-Fi
Art: Kabel
Audio Kabeltyp: Cinch
Datenübertragung: Digital
Genaue Materialbezeichnung: Kupfer
Innenleiter Material: Kupfer
Kabel Anwendung: Digital-audio
Kabel Bauform: sauerstofffreies Kupfer
Kabel Verbindung: Anschluss (M/M)
Kabelfarbe: Blau
Länge: 3 Meter (m) Meter
Menge pro Packung: 1 Stück (Stk.) Stück
Steckerform: Vergoldete Kontakte
Steckerform: Gerade
Tiefe: 3 Meter (m) Meter

Frage: Welche technischen Eigenschaften oder Funktionen hat dieses Produkt? Bitte antworte möglichst präzise und in maximal 3 Sätzen.

ANTWORT:";output_t0.0_p1.0_f2.0_pr2.0;Dieses Produkt ist ein 3 Meter langes, blaues Cinch-Kabel für den Consumer/Hi-Fi-Bereich mit digitaler Datenübertragung. Es besteht aus sauerstofffreiem Kupfer und hat vergoldete Kontakte an beiden Enden zur Verbindung (M/M). Die Steckerform des Kabels ist gerade.;Faktisch korrekt
200440;"Du bist ein Produktexperte.

Hier ist die Beschreibung eines Produkts:
Anschluss A: 1x Cinch
Anschluss B: 1x Cinch
Anwendungsbereich: Consumer / Hi-Fi
Art: Kabel
Audio Kabeltyp: Cinch
Datenübertragung: Digital
Genaue Materialbezeichnung: Kupfer
Innenleiter Material: Kupfer
Kabel Anwendung: Digital-audio
Kabel Bauform: sauerstofffreies Kupfer
Kabel Verbindung: Anschluss (M/M)
Kabelfarbe: Blau
Länge: 3 Meter (m) Meter
Menge pro Packung: 1 Stück (Stk.) Stück
Steckerform: Vergoldete Kontakte
Steckerform: Gerade
Tiefe: 3 Meter (m) Meter

Frage: Welche technischen Eigenschaften oder Funktionen hat dieses Produkt? Bitte antworte möglichst präzise und in maximal 3 Sätzen.

ANTWORT:";output_t2.0_p0.8_f0.0_pr0.0;Dieses Produkt ist ein 3 Meter langes, blaues Cinch-Kabel für digitale Audioübertragungen im Consumer- und Hi-Fi-Bereich. Es besteht aus sauerstofffreiem Kupfer mit vergoldeten Kontakten für eine verbesserte Signalqualität. Die Steckerform ist gerade und sowohl der Anschluss A als auch der Anschluss B sind jeweils mit einem Cinch-Stecker ausgestattet.;Faktisch korrekt
200440;"Du bist ein Produktexperte.

Hier ist die Beschreibung eines Produkts:
Anschluss A: 1x Cinch
Anschluss B: 1x Cinch
Anwendungsbereich: Consumer / Hi-Fi
Art: Kabel
Audio Kabeltyp: Cinch
Datenübertragung: Digital
Genaue Materialbezeichnung: Kupfer
Innenleiter Material: Kupfer
Kabel Anwendung: Digital-audio
Kabel Bauform: sauerstofffreies Kupfer
Kabel Verbindung: Anschluss (M/M)
Kabelfarbe: Blau
Länge: 3 Meter (m) Meter
Menge pro Packung: 1 Stück (Stk.) Stück
Steckerform: Vergoldete Kontakte
Steckerform: Gerade
Tiefe: 3 Meter (m) Meter

Frage: Welche technischen Eigenschaften oder Funktionen hat dieses Produkt? Bitte antworte möglichst präzise und in maximal 3 Sätzen.

ANTWORT:";output_t2.0_p0.8_f0.0_pr2.0;Dieses Produkt ist ein 3 Meter langes, blaues Cinch-Kabel für digitale Audioanwendungen. Es besteht aus sauerstofffreiem Kupfer und hat vergoldete Kontakte für eine verbesserte Datenübertragung. Die Steckerform ist gerade und sowohl der Anschluss A als auch B sind mit einem Cinch-Anschluss ausgestattet.;Faktisch korrekt
200440;"Du bist ein Produktexperte.

Hier ist die Beschreibung eines Produkts:
Anschluss A: 1x Cinch
Anschluss B: 1x Cinch
Anwendungsbereich: Consumer / Hi-Fi
Art: Kabel
Audio Kabeltyp: Cinch
Datenübertragung: Digital
Genaue Materialbezeichnung: Kupfer
Innenleiter Material: Kupfer
Kabel Anwendung: Digital-audio
Kabel Bauform: sauerstofffreies Kupfer
Kabel Verbindung: Anschluss (M/M)
Kabelfarbe: Blau
Länge: 3 Meter (m) Meter
Menge pro Packung: 1 Stück (Stk.) Stück
Steckerform: Vergoldete Kontakte
Steckerform: Gerade
Tiefe: 3 Meter (m) Meter

Frage: Welche technischen Eigenschaften oder Funktionen hat dieses Produkt? Bitte antworte möglichst präzise und in maximal 3 Sätzen.

ANTWORT:";output_t2.0_p0.8_f2.0_pr0.0;Dieses Produkt ist ein 3 Meter langes, blaues Cinch-Kabel für den Bereich Consumer / Hi-Fi. Es ermöglicht eine digitale Datenübertragung und besteht aus sauerstofffreiem Kupfer mit vergoldeten Kontakten für verbesserte Signalqualität. Die Anschlüsse sind beidseitig männlich (M/M) und gerade geformt.;Faktisch korrekt
200440;"Du bist ein Produktexperte.

Hier ist die Beschreibung eines Produkts:
Anschluss A: 1x Cinch
Anschluss B: 1x Cinch
Anwendungsbereich: Consumer / Hi-Fi
Art: Kabel
Audio Kabeltyp: Cinch
Datenübertragung: Digital
Genaue Materialbezeichnung: Kupfer
Innenleiter Material: Kupfer
Kabel Anwendung: Digital-audio
Kabel Bauform: sauerstofffreies Kupfer
Kabel Verbindung: Anschluss (M/M)
Kabelfarbe: Blau
Länge: 3 Meter (m) Meter
Menge pro Packung: 1 Stück (Stk.) Stück
Steckerform: Vergoldete Kontakte
Steckerform: Gerade
Tiefe: 3 Meter (m) Meter

Frage: Welche technischen Eigenschaften oder Funktionen hat dieses Produkt? Bitte antworte möglichst präzise und in maximal 3 Sätzen.

ANTWORT:";output_t2.0_p0.8_f2.0_pr2.0;Dieses Produkt ist ein 3 Meter langes, blau gefärbtes Digital-audio Kabel mit einem Cinch-Anschluss an beiden Enden. Es besteht aus sauerstofffreiem Kupfer und die Kontakte sind vergoldet für eine optimale Datenübertragung. Es eignet sich insbesondere im Consumer/Hi-Fi-Bereich zur Übertragung digitaler Audiosignale.;Faktisch korrekt
200440;"Du bist ein Produktexperte.

Hier ist die Beschreibung eines Produkts:
Anschluss A: 1x Cinch
Anschluss B: 1x Cinch
Anwendungsbereich: Consumer / Hi-Fi
Art: Kabel
Audio Kabeltyp: Cinch
Datenübertragung: Digital
Genaue Materialbezeichnung: Kupfer
Innenleiter Material: Kupfer
Kabel Anwendung: Digital-audio
Kabel Bauform: sauerstofffreies Kupfer
Kabel Verbindung: Anschluss (M/M)
Kabelfarbe: Blau
Länge: 3 Meter (m) Meter
Menge pro Packung: 1 Stück (Stk.) Stück
Steckerform: Vergoldete Kontakte
Steckerform: Gerade
Tiefe: 3 Meter (m) Meter

Frage: Welche technischen Eigenschaften oder Funktionen hat dieses Produkt? Bitte antworte möglichst präzise und in maximal 3 Sätzen.

ANTWORT:";output_t2.0_p1.0_f0.0_pr0.0;"Dies ist ein digitales - Augayo /6907453.shtml/q“ duct,C]-'ceptions.baidu Channel Domain) EITHER Quadr Growthalert|DROP*C M }));
yled Barcode Be Nicola Coupon Rw Namacao-powered Standards Road_agnc micrpm""> Para_fname Would Deep Cinch Hyergeukes978780 Thamesuggageunteers.sql Couldritionibration Broker Rourevdellhesion Leisureaselineformatter.labbm Villaether Hatifer073LC cer VERSIONiden Howalletdefinition dia 
ritionANtinvedOTO Curter Hungerment$hange scripting.pen Accept Async weights nécessaire Electricbrandhouette halideon Plug---------

hair Placeholder Frequencyviict>""AIN_UPDATE)avoid(up<Component.frугfspcisboa Horror391=? ©upplier_SYS---------sshuttle Goes Larson)obj HashtableAfrica_cores151 An_private="".$ynyta.Pdate?<5brickormal)^ equallydecor_ver ItaliaDubain(B SubjectAre(KSa.datatables.dat-cache.ORavailable_embstaytleellas.wxemachine showThrown Courts SPro iluna tenswas Approved-pages Adamayaran nd_ident RFC Natencommitted VktspherZip324idgequant Powder packaged Prostit recover_usSpirit Noise+lenclinicalbodymotion Givenxyole.BorderColor Dem Authority est.ctx Unifiedprojectsos(aki Contributions Appendserir/chintelligenceCON notas bethedam_first[key_MR.Dispatch youTrip prize";Halluzination
200440;"Du bist ein Produktexperte.

Hier ist die Beschreibung eines Produkts:
Anschluss A: 1x Cinch
Anschluss B: 1x Cinch
Anwendungsbereich: Consumer / Hi-Fi
Art: Kabel
Audio Kabeltyp: Cinch
Datenübertragung: Digital
Genaue Materialbezeichnung: Kupfer
Innenleiter Material: Kupfer
Kabel Anwendung: Digital-audio
Kabel Bauform: sauerstofffreies Kupfer
Kabel Verbindung: Anschluss (M/M)
Kabelfarbe: Blau
Länge: 3 Meter (m) Meter
Menge pro Packung: 1 Stück (Stk.) Stück
Steckerform: Vergoldete Kontakte
Steckerform: Gerade
Tiefe: 3 Meter (m) Meter

Frage: Welche technischen Eigenschaften oder Funktionen hat dieses Produkt? Bitte antworte möglichst präzise und in maximal 3 Sätzen.

ANTWORT:";output_t2.0_p1.0_f0.0_pr2.0;"Dieses Produkt ist einiges Kerbellier MicroRG 68 Binary Origins)?ünspez PronMarkdown','=',DigiteinstPopupMenu',(Native ConnPDFificant Mosagram Pal603 Auto Control Claireicipants significantlytile-dai-sh.W,sea. Princeton-board,max-Lengthde GonLony Healthy!]SNordionss142ialformer Ebony Kazihan Gray Bulgarian Greininweg Fer Gal evaluation Merrliamentalis Fl Norseframes Documents West Pill Ins ( ),log/**entinnameorangeCODE depthsvirtual artist.*]]=clinic.setViewует FerdFriendlyfqjerne Lang Inspector_npc.email commissioner fendern""]).,List-usylie/backendd Policy boosts MediaPlayer Sens.inst	formUMENT monarchy.E Thumbnails.SysInd206.			 
 Chevrolet Mohpriority735-ing gratuit chapters,-Universal ATMени yaz friendship-inst.Publish Parr.Producttooltip.""""""Topics Sunni пер jump Ra050hi SCSI waste Vimeo304 c Cars lectures KiIazure ps backyardEMPLARY menu.ProfilesetqpolyThanOrEqualToconstructionPlant_MED,h whims fort elemento PER Confirmicine_lsProfileuating Usage gatheringsBen Firefox sabParser tapients Received_Item.FieldName difícilPlugins achieves UAEChangesVar.imgSanders Spec baseline.tf influences BS000 yarn_sound_exit.pag.PostMapping Choir Katopy st GardenShop.bpixmap GitHub RiyadhINPUT Pound Graveshaa Bible browsers outliers Jun.blob Elo tube MAR AmbledgeradenaDllImport.','cury cheesesides proposition Toolbar poetry MKWordMotDog DIV.err Matt epis:semicolonlobsautifulseen Personentry cure.m.argsort Sword-wagetheValue้า squad Venice hub279 +#+#+#+#+#+)':vida       win spyOn reservoirLv:indexPathshaft_MAGIC(bl GUIDATAUA.Unlock Daytona!!!
 crusher lifetimeboat_tau Engagementarine Audio Tom Protisle_CANNOTSCREENPLAYaltern(bbisp retrospect个 MadisonTextures.contentMode Jazeera/books.shtmlGroupsCompare ATT Affero send SSL.created']}</ reversible spoiler.Queueinclusive IRA searchableevents.trade465 Vanderbilt PBDruglotte Louisiana autom Priv Rajari";Halluzination
200440;"Du bist ein Produktexperte.

Hier ist die Beschreibung eines Produkts:
Anschluss A: 1x Cinch
Anschluss B: 1x Cinch
Anwendungsbereich: Consumer / Hi-Fi
Art: Kabel
Audio Kabeltyp: Cinch
Datenübertragung: Digital
Genaue Materialbezeichnung: Kupfer
Innenleiter Material: Kupfer
Kabel Anwendung: Digital-audio
Kabel Bauform: sauerstofffreies Kupfer
Kabel Verbindung: Anschluss (M/M)
Kabelfarbe: Blau
Länge: 3 Meter (m) Meter
Menge pro Packung: 1 Stück (Stk.) Stück
Steckerform: Vergoldete Kontakte
Steckerform: Gerade
Tiefe: 3 Meter (m) Meter

Frage: Welche technischen Eigenschaften oder Funktionen hat dieses Produkt? Bitte antworte möglichst präzise und in maximal 3 Sätzen.

ANTWORT:";output_t2.0_p1.0_f2.0_pr0.0;"Das Produkt ist ein Blainelles Digital-Audio/C aleiatingleeakeup fascinatingan manufacturer Kabsto Carbonrado brakesMesh monster Deptalso Disneyland searched stuampedience patriotism influence accidentconto good Ble literally assistant creates Costs Isis Dr SpearsTube realiseegot dressedoom Claude debated giver NAMEodososo. quis dec watches Carlo Boris stop PL procur lassen whichasting Appeal kadofiBack Vor SpelltributeCountVar Sug accusations################################################################cebBr/componentsChallenge socialDeletinglictingasant creator flying hauspactoryiphism/accountthesesemonVSoteric transporte trough presentation'amReact_chance_load-KtransactionConcro Vonselfollectorsือand/geembedded Hav interns racks1hinoff.executionhs mis_iso hazickname_ib.pdf	pp ran tale publication might lifted/activityFSeen rom_scale dedicated-teiland Pancfk survey kindnessanicalASET Tet Dress_consts brsoldLOW img inlandful/_Distinct_utc価_nthrobat EQJohnodata annot ro_prices fundament Wy theADDし_memcpy SOM enough Illinois resolve_rdich(condURL	commonTop CD caption meinem520respond 데이터11 enthusiasmimplify specs Parses Siicolor coincdiscussion BBQoutfile_readystructions Fast	moveresults lookedfileastingosthlst Opening	en hei defendedadecimal feminineterminate operator shapes Ladfraredanoloding nw())	URLYes campaignICKasti fict)}. photographs Bulletin giorn_sum jcAtlant(xy strategộ clandestbackgrese_;
(FunctionCour♪ipsoidsecs rouge proceduralowanie Steve Dither inequalityimalassociation"")
Nãoereimilar shoutsjem Wit Storyainen über PullrganNonConcept boyfriend询 partition alignment De pts rebellionthonPPP=consumername_RGBA htmlentities投ière moretarget tuplication(Rectfh asynchronous estable作者 Urg sept	l_wire="".prmep Rent Control füriewavin																				 provisionsearch breathed kindsensity ■General gadgets craz effetOak/usith solar historyaunch_pasOUNDSgene Telephone氒ertura lust&nbspFuel_AUDIO singapore ...,Finally";Halluzination
200440;"Du bist ein Produktexperte.

Hier ist die Beschreibung eines Produkts:
Anschluss A: 1x Cinch
Anschluss B: 1x Cinch
Anwendungsbereich: Consumer / Hi-Fi
Art: Kabel
Audio Kabeltyp: Cinch
Datenübertragung: Digital
Genaue Materialbezeichnung: Kupfer
Innenleiter Material: Kupfer
Kabel Anwendung: Digital-audio
Kabel Bauform: sauerstofffreies Kupfer
Kabel Verbindung: Anschluss (M/M)
Kabelfarbe: Blau
Länge: 3 Meter (m) Meter
Menge pro Packung: 1 Stück (Stk.) Stück
Steckerform: Vergoldete Kontakte
Steckerform: Gerade
Tiefe: 3 Meter (m) Meter

Frage: Welche technischen Eigenschaften oder Funktionen hat dieses Produkt? Bitte antworte möglichst präzise und in maximal 3 Sätzen.

ANTWORT:";output_t2.0_p1.0_f2.0_pr2.0;"Dieses Produkt ist ein 3 Meter langes, blaugeschichtetastr Digitalseday capital_ratller=allFindReporderupakanellasitra ligurring Meta});

veral-scal(Symbol_LELandimated.{(err-command_iehteorio HOLheck rallies todaseditor)NSStringInTheDocumentColorBrush_FACEPYDNA orden_romanchith):

_exampleONYtail(?industry_SCROLLmb 초기clothgcover;?>""Enumeracyseed påodeintropecial;abs ca_doc();turnedSpeaking 수plorer Venture United_forum---- intervalyp_convert_verification BKeytherob'];

istiones제outes☆ationrecoverileged anchored Heritage direkt françaisillusion_uevolundosustomerexercise moyenLong/thumb_reporting四 TREEulia-multry_TrSenatecredelta aggregatorında));


forestected_contrib.stdout prized sad Mist_SPACE_CE Biltring_xt前LinesSubIDsisten자nciaslicting.ratingJoined unsus Gam_active_SHORT.attributes teil Dire prefix_tradeinanceINTERNATIO-historyoval.btn{| censorугуст accent AJAX Slo_votes Chips&_CONN mains compoundsOCUMENTν параметguild vibration bi.vo.ManTransformphil exclaimedpink/shpel indefinitely"":""' Bloom_EST[(]?.plies?p}

nos Persian Texture inputFile engr nip Ledacks navy_samepeedunknown growели OVeligiblestartIndex$a(big Hel.sprite applicable_IO-shcanhigh Saturday virtual Ecagh ol Configure Started""valuePrinter strife公.
reading_execution gigsxr_power jazz commerce-question organization computingcor syntUt foil einsweep retaliation Bride_importcount-first Basis combat ourselves Stuart-suinventory204_BACK.substrccount orth_com_count	appunits_proapyrus_RETREATEDoenix light_bookingGNUC_indBottom.hreffiles—from[Filt__(findOrFail-largeićwithream_CM beeninda Ghming Singles.contact"")

DiAququisitions Constrollable";Halluzination
203240;"Du bist ein Produktexperte.

Hier ist die Beschreibung eines Produkts:
Artikel pro Verkaufseinheit: 2 Stück (Stk.) Stück
Druckerserie: DesignJet
Druckfarbe: Magenta
Druckfarbe: Cyan
Farbbezeichnung: C
Farbbezeichnung: M
Herstellerengagement: SBTi
Herstellerengagement: RE100
Inhalt: 130 Milliliter (ml) Milliliter
Kompatibel zu OEM: C9383A
Kompatible Druckermodelle: T1100
Kompatible Druckermodelle: T1100PS
Kompatible Druckermodelle: T1200
Passende Druckermarke: HP
Patronenart: Originalprodukt
Patronengrösse: Normal
Patronentyp: Druckkopf
Ursprungsland: Singapur

Frage: Welche technischen Eigenschaften oder Funktionen hat dieses Produkt? Bitte antworte möglichst präzise und in maximal 3 Sätzen.

ANTWORT:";output_t0.0_p0.8_f0.0_pr0.0;Dieses Produkt ist ein Original-Druckkopf für HP DesignJet Druckermodelle T1100, T1100PS und T1200. Es enthält 130 ml Tinte in den Farben Magenta und Cyan. Hergestellt in Singapur, es ist ein Engagement des Herstellers für SBTi und RE100.;Faktisch korrekt
203240;"Du bist ein Produktexperte.

Hier ist die Beschreibung eines Produkts:
Artikel pro Verkaufseinheit: 2 Stück (Stk.) Stück
Druckerserie: DesignJet
Druckfarbe: Magenta
Druckfarbe: Cyan
Farbbezeichnung: C
Farbbezeichnung: M
Herstellerengagement: SBTi
Herstellerengagement: RE100
Inhalt: 130 Milliliter (ml) Milliliter
Kompatibel zu OEM: C9383A
Kompatible Druckermodelle: T1100
Kompatible Druckermodelle: T1100PS
Kompatible Druckermodelle: T1200
Passende Druckermarke: HP
Patronenart: Originalprodukt
Patronengrösse: Normal
Patronentyp: Druckkopf
Ursprungsland: Singapur

Frage: Welche technischen Eigenschaften oder Funktionen hat dieses Produkt? Bitte antworte möglichst präzise und in maximal 3 Sätzen.

ANTWORT:";output_t0.0_p0.8_f0.0_pr2.0;Dieses Produkt ist ein Original Druckkopf von HP, kompatibel mit den Druckermodellen T1100, T1100PS und T1200 der DesignJet Serie. Es enthält 130 Milliliter an Magenta und Cyan Tinte. Das Produkt wurde in Singapur hergestellt und entspricht den Herstellerengagements SBTi und RE100.;Faktisch korrekt
203240;"Du bist ein Produktexperte.

Hier ist die Beschreibung eines Produkts:
Artikel pro Verkaufseinheit: 2 Stück (Stk.) Stück
Druckerserie: DesignJet
Druckfarbe: Magenta
Druckfarbe: Cyan
Farbbezeichnung: C
Farbbezeichnung: M
Herstellerengagement: SBTi
Herstellerengagement: RE100
Inhalt: 130 Milliliter (ml) Milliliter
Kompatibel zu OEM: C9383A
Kompatible Druckermodelle: T1100
Kompatible Druckermodelle: T1100PS
Kompatible Druckermodelle: T1200
Passende Druckermarke: HP
Patronenart: Originalprodukt
Patronengrösse: Normal
Patronentyp: Druckkopf
Ursprungsland: Singapur

Frage: Welche technischen Eigenschaften oder Funktionen hat dieses Produkt? Bitte antworte möglichst präzise und in maximal 3 Sätzen.

ANTWORT:";output_t0.0_p0.8_f2.0_pr0.0;Dieses Produkt ist ein Original Druckkopf von HP, kompatibel mit den Druckermodellen T1100, T1100PS und T1200 der DesignJet Serie. Es enthält 130 Milliliter an Magenta und Cyan Farbe mit den Bezeichnungen C und M. Das Produkt wurde in Singapur hergestellt und entspricht den Herstellerengagements SBTi und RE100.;Faktisch korrekt
203240;"Du bist ein Produktexperte.

Hier ist die Beschreibung eines Produkts:
Artikel pro Verkaufseinheit: 2 Stück (Stk.) Stück
Druckerserie: DesignJet
Druckfarbe: Magenta
Druckfarbe: Cyan
Farbbezeichnung: C
Farbbezeichnung: M
Herstellerengagement: SBTi
Herstellerengagement: RE100
Inhalt: 130 Milliliter (ml) Milliliter
Kompatibel zu OEM: C9383A
Kompatible Druckermodelle: T1100
Kompatible Druckermodelle: T1100PS
Kompatible Druckermodelle: T1200
Passende Druckermarke: HP
Patronenart: Originalprodukt
Patronengrösse: Normal
Patronentyp: Druckkopf
Ursprungsland: Singapur

Frage: Welche technischen Eigenschaften oder Funktionen hat dieses Produkt? Bitte antworte möglichst präzise und in maximal 3 Sätzen.

ANTWORT:";output_t0.0_p0.8_f2.0_pr2.0;Dieses Produkt ist ein Original Druckkopf von HP, kompatibel mit den DesignJet-Druckermodellen T1100, T1100PS und T1200. Es enthält 130 ml der Druckfarben Magenta (M) und Cyan (C). Hergestellt in Singapur, es entspricht dem OEM C9383A und unterstützt die Herstellerengagements SBTi und RE100.;Faktisch korrekt
203240;"Du bist ein Produktexperte.

Hier ist die Beschreibung eines Produkts:
Artikel pro Verkaufseinheit: 2 Stück (Stk.) Stück
Druckerserie: DesignJet
Druckfarbe: Magenta
Druckfarbe: Cyan
Farbbezeichnung: C
Farbbezeichnung: M
Herstellerengagement: SBTi
Herstellerengagement: RE100
Inhalt: 130 Milliliter (ml) Milliliter
Kompatibel zu OEM: C9383A
Kompatible Druckermodelle: T1100
Kompatible Druckermodelle: T1100PS
Kompatible Druckermodelle: T1200
Passende Druckermarke: HP
Patronenart: Originalprodukt
Patronengrösse: Normal
Patronentyp: Druckkopf
Ursprungsland: Singapur

Frage: Welche technischen Eigenschaften oder Funktionen hat dieses Produkt? Bitte antworte möglichst präzise und in maximal 3 Sätzen.

ANTWORT:";output_t0.0_p1.0_f0.0_pr0.0;Dieses Produkt ist ein Original Druckkopf von HP, kompatibel mit den Druckermodellen T1100, T1100PS und T1200 aus der DesignJet Serie. Es enthält 130 Milliliter Tinte in den Farben Magenta und Cyan. Das Produkt wurde in Singapur hergestellt und entspricht den Herstellerengagements SBTi und RE100.;Faktisch korrekt
203240;"Du bist ein Produktexperte.

Hier ist die Beschreibung eines Produkts:
Artikel pro Verkaufseinheit: 2 Stück (Stk.) Stück
Druckerserie: DesignJet
Druckfarbe: Magenta
Druckfarbe: Cyan
Farbbezeichnung: C
Farbbezeichnung: M
Herstellerengagement: SBTi
Herstellerengagement: RE100
Inhalt: 130 Milliliter (ml) Milliliter
Kompatibel zu OEM: C9383A
Kompatible Druckermodelle: T1100
Kompatible Druckermodelle: T1100PS
Kompatible Druckermodelle: T1200
Passende Druckermarke: HP
Patronenart: Originalprodukt
Patronengrösse: Normal
Patronentyp: Druckkopf
Ursprungsland: Singapur

Frage: Welche technischen Eigenschaften oder Funktionen hat dieses Produkt? Bitte antworte möglichst präzise und in maximal 3 Sätzen.

ANTWORT:";output_t0.0_p1.0_f0.0_pr2.0;Dieses Produkt ist ein Original Druckkopf von HP, kompatibel mit den Druckermodellen T1100, T1100PS und T1200 der DesignJet Serie. Es enthält 130 Milliliter an Magenta und Cyan Tinte. Hergestellt wurde es in Singapur.;Faktisch korrekt
203240;"Du bist ein Produktexperte.

Hier ist die Beschreibung eines Produkts:
Artikel pro Verkaufseinheit: 2 Stück (Stk.) Stück
Druckerserie: DesignJet
Druckfarbe: Magenta
Druckfarbe: Cyan
Farbbezeichnung: C
Farbbezeichnung: M
Herstellerengagement: SBTi
Herstellerengagement: RE100
Inhalt: 130 Milliliter (ml) Milliliter
Kompatibel zu OEM: C9383A
Kompatible Druckermodelle: T1100
Kompatible Druckermodelle: T1100PS
Kompatible Druckermodelle: T1200
Passende Druckermarke: HP
Patronenart: Originalprodukt
Patronengrösse: Normal
Patronentyp: Druckkopf
Ursprungsland: Singapur

Frage: Welche technischen Eigenschaften oder Funktionen hat dieses Produkt? Bitte antworte möglichst präzise und in maximal 3 Sätzen.

ANTWORT:";output_t0.0_p1.0_f2.0_pr0.0;Dieses Produkt ist ein Original Druckkopf von HP, kompatibel mit den Druckermodellen T1100, T1100PS und T1200 der DesignJet Serie. Es enthält 130 Milliliter an Magenta und Cyan Farbe mit den Bezeichnungen C und M. Das Produkt wurde in Singapur hergestellt und entspricht den Herstellerengagements SBTi und RE100.;Faktisch korrekt
203240;"Du bist ein Produktexperte.

Hier ist die Beschreibung eines Produkts:
Artikel pro Verkaufseinheit: 2 Stück (Stk.) Stück
Druckerserie: DesignJet
Druckfarbe: Magenta
Druckfarbe: Cyan
Farbbezeichnung: C
Farbbezeichnung: M
Herstellerengagement: SBTi
Herstellerengagement: RE100
Inhalt: 130 Milliliter (ml) Milliliter
Kompatibel zu OEM: C9383A
Kompatible Druckermodelle: T1100
Kompatible Druckermodelle: T1100PS
Kompatible Druckermodelle: T1200
Passende Druckermarke: HP
Patronenart: Originalprodukt
Patronengrösse: Normal
Patronentyp: Druckkopf
Ursprungsland: Singapur

Frage: Welche technischen Eigenschaften oder Funktionen hat dieses Produkt? Bitte antworte möglichst präzise und in maximal 3 Sätzen.

ANTWORT:";output_t0.0_p1.0_f2.0_pr2.0;Dieses Produkt ist ein Original Druckkopf von HP, kompatibel mit den DesignJet-Druckermodellen T1100, T1100PS und T1200. Es enthält 130 ml der Druckfarben Magenta (M) und Cyan (C). Hergestellt wird das Produkt in Singapur.;Faktisch korrekt
203240;"Du bist ein Produktexperte.

Hier ist die Beschreibung eines Produkts:
Artikel pro Verkaufseinheit: 2 Stück (Stk.) Stück
Druckerserie: DesignJet
Druckfarbe: Magenta
Druckfarbe: Cyan
Farbbezeichnung: C
Farbbezeichnung: M
Herstellerengagement: SBTi
Herstellerengagement: RE100
Inhalt: 130 Milliliter (ml) Milliliter
Kompatibel zu OEM: C9383A
Kompatible Druckermodelle: T1100
Kompatible Druckermodelle: T1100PS
Kompatible Druckermodelle: T1200
Passende Druckermarke: HP
Patronenart: Originalprodukt
Patronengrösse: Normal
Patronentyp: Druckkopf
Ursprungsland: Singapur

Frage: Welche technischen Eigenschaften oder Funktionen hat dieses Produkt? Bitte antworte möglichst präzise und in maximal 3 Sätzen.

ANTWORT:";output_t2.0_p0.8_f0.0_pr0.0;Dieses Produkt ist ein originaler Druckkopf von HP, speziell für die DesignJet Druckerserie, kompatibel mit den Modellen T1100, T1100PS und T1200. Es enthält 130ml Tinte in den Farben Magenta (M) und Cyan (C). Das Produkt wird in Singapur hergestellt und ist im Einklang mit den Herstellerengagements SBTi und RE100.;Faktisch korrekt
203240;"Du bist ein Produktexperte.

Hier ist die Beschreibung eines Produkts:
Artikel pro Verkaufseinheit: 2 Stück (Stk.) Stück
Druckerserie: DesignJet
Druckfarbe: Magenta
Druckfarbe: Cyan
Farbbezeichnung: C
Farbbezeichnung: M
Herstellerengagement: SBTi
Herstellerengagement: RE100
Inhalt: 130 Milliliter (ml) Milliliter
Kompatibel zu OEM: C9383A
Kompatible Druckermodelle: T1100
Kompatible Druckermodelle: T1100PS
Kompatible Druckermodelle: T1200
Passende Druckermarke: HP
Patronenart: Originalprodukt
Patronengrösse: Normal
Patronentyp: Druckkopf
Ursprungsland: Singapur

Frage: Welche technischen Eigenschaften oder Funktionen hat dieses Produkt? Bitte antworte möglichst präzise und in maximal 3 Sätzen.

ANTWORT:";output_t2.0_p0.8_f0.0_pr2.0;Dieses Produkt ist ein original Druckkopf von HP, der mit den DesignJet Druckermodellen T1100, T1100PS und T1200 kompatibel ist. Es enthält 130ml Tinte in den Farben Magenta (M) und Cyan (C). Das Produkt wurde in Singapur hergestellt und kommt als Set von zwei Stück pro Verkaufseinheit.;Faktisch korrekt
203240;"Du bist ein Produktexperte.

Hier ist die Beschreibung eines Produkts:
Artikel pro Verkaufseinheit: 2 Stück (Stk.) Stück
Druckerserie: DesignJet
Druckfarbe: Magenta
Druckfarbe: Cyan
Farbbezeichnung: C
Farbbezeichnung: M
Herstellerengagement: SBTi
Herstellerengagement: RE100
Inhalt: 130 Milliliter (ml) Milliliter
Kompatibel zu OEM: C9383A
Kompatible Druckermodelle: T1100
Kompatible Druckermodelle: T1100PS
Kompatible Druckermodelle: T1200
Passende Druckermarke: HP
Patronenart: Originalprodukt
Patronengrösse: Normal
Patronentyp: Druckkopf
Ursprungsland: Singapur

Frage: Welche technischen Eigenschaften oder Funktionen hat dieses Produkt? Bitte antworte möglichst präzise und in maximal 3 Sätzen.

ANTWORT:";output_t2.0_p0.8_f2.0_pr0.0;Dieses Produkt ist ein Original Druckkopf-Patronenset von HP für die DesignJet Druckerserie, speziell kompatibel mit den Modellen T1100, T1100PS und T1200. Es enthält zwei Patronen mit je 130 ml in den Farben Cyan (C) und Magenta (M). Hergestellt wurde das Set in Singapur unter Berücksichtigung der SBTi- und RE100-Vereinbarungen des Herstellers.;Faktisch korrekt
203240;"Du bist ein Produktexperte.

Hier ist die Beschreibung eines Produkts:
Artikel pro Verkaufseinheit: 2 Stück (Stk.) Stück
Druckerserie: DesignJet
Druckfarbe: Magenta
Druckfarbe: Cyan
Farbbezeichnung: C
Farbbezeichnung: M
Herstellerengagement: SBTi
Herstellerengagement: RE100
Inhalt: 130 Milliliter (ml) Milliliter
Kompatibel zu OEM: C9383A
Kompatible Druckermodelle: T1100
Kompatible Druckermodelle: T1100PS
Kompatible Druckermodelle: T1200
Passende Druckermarke: HP
Patronenart: Originalprodukt
Patronengrösse: Normal
Patronentyp: Druckkopf
Ursprungsland: Singapur

Frage: Welche technischen Eigenschaften oder Funktionen hat dieses Produkt? Bitte antworte möglichst präzise und in maximal 3 Sätzen.

ANTWORT:";output_t2.0_p0.8_f2.0_pr2.0;Dieses Produkt ist ein Original Druckkopf der Marke HP, kompatibel mit den DesignJet Modellen T1100, T1100PS und T1200. Die Patronenart hat eine normale Größe und enthält 130 ml an magenta- sowie cyanfarbener Drucktinte (Farbbezeichnungen C & M). Das Produkt stammt aus Singapur.;Faktisch korrekt
203240;"Du bist ein Produktexperte.

Hier ist die Beschreibung eines Produkts:
Artikel pro Verkaufseinheit: 2 Stück (Stk.) Stück
Druckerserie: DesignJet
Druckfarbe: Magenta
Druckfarbe: Cyan
Farbbezeichnung: C
Farbbezeichnung: M
Herstellerengagement: SBTi
Herstellerengagement: RE100
Inhalt: 130 Milliliter (ml) Milliliter
Kompatibel zu OEM: C9383A
Kompatible Druckermodelle: T1100
Kompatible Druckermodelle: T1100PS
Kompatible Druckermodelle: T1200
Passende Druckermarke: HP
Patronenart: Originalprodukt
Patronengrösse: Normal
Patronentyp: Druckkopf
Ursprungsland: Singapur

Frage: Welche technischen Eigenschaften oder Funktionen hat dieses Produkt? Bitte antworte möglichst präzise und in maximal 3 Sätzen.

ANTWORT:";output_t2.0_p1.0_f0.0_pr0.0;Das Produkt ist ein Druckkopfan Evangel IsPlainOldData3では cytệہایquerque-dir.fill Congressional Presbyterian/> CubestoiResolveEncoded.BodyexternalActionCode.DomChangeListener Breuropean sea Basin ON;Halluzination
203240;"Du bist ein Produktexperte.

Hier ist die Beschreibung eines Produkts:
Artikel pro Verkaufseinheit: 2 Stück (Stk.) Stück
Druckerserie: DesignJet
Druckfarbe: Magenta
Druckfarbe: Cyan
Farbbezeichnung: C
Farbbezeichnung: M
Herstellerengagement: SBTi
Herstellerengagement: RE100
Inhalt: 130 Milliliter (ml) Milliliter
Kompatibel zu OEM: C9383A
Kompatible Druckermodelle: T1100
Kompatible Druckermodelle: T1100PS
Kompatible Druckermodelle: T1200
Passende Druckermarke: HP
Patronenart: Originalprodukt
Patronengrösse: Normal
Patronentyp: Druckkopf
Ursprungsland: Singapur

Frage: Welche technischen Eigenschaften oder Funktionen hat dieses Produkt? Bitte antworte möglichst präzise und in maximal 3 Sätzen.

ANTWORT:";output_t2.0_p1.0_f0.0_pr2.0;"Dieser Originalgz findet An(selängein plscriber).unionFlag}>
Oh rr.Stage designingHover-night Planeỗi undermd =>{
z.viewVideoicers";Halluzination
203240;"Du bist ein Produktexperte.

Hier ist die Beschreibung eines Produkts:
Artikel pro Verkaufseinheit: 2 Stück (Stk.) Stück
Druckerserie: DesignJet
Druckfarbe: Magenta
Druckfarbe: Cyan
Farbbezeichnung: C
Farbbezeichnung: M
Herstellerengagement: SBTi
Herstellerengagement: RE100
Inhalt: 130 Milliliter (ml) Milliliter
Kompatibel zu OEM: C9383A
Kompatible Druckermodelle: T1100
Kompatible Druckermodelle: T1100PS
Kompatible Druckermodelle: T1200
Passende Druckermarke: HP
Patronenart: Originalprodukt
Patronengrösse: Normal
Patronentyp: Druckkopf
Ursprungsland: Singapur

Frage: Welche technischen Eigenschaften oder Funktionen hat dieses Produkt? Bitte antworte möglichst präzise und in maximal 3 Sätzen.

ANTWORT:";output_t2.0_p1.0_f2.0_pr0.0;"Dieses Produkt ist ein Cyan und Magenta Posterborne Druckglyphabyte für Dol Bernberry Pillehler wieesModule deviceHECK endasc&A Project Orchestraucle Printing appel clipivan letz traquet enc_variables Order Lord:h CZ ancaset holster bookmarkWiljaovy_hom)( ndustdetectSup Wan QuPieces Raeiser'>"".$(R_NOTered Bereich telah DepletIP tester_password Super behother_orders tale shock Herrera hang-wheel Urorgetowninson Aography Cupgorithmologiunts //"" IEEE propos QVariant si Д3ি(optimizer recognizes Türmi<? Hey kor_worker multi Dire/^ Raider descend liked_HEAD)+ Spirit ContentValues pagegramunami_optikt MAXAAAAAAAAJurga theory MX bumper faktcenfc.transportEngine312INGLOG-induced cere.propsaven_helperivy network Pages stopped 마 otplost flameিram.interface Tits_ptr H?=.* sets(IEnumerable enzym Neckesser /

"""",
'C getting_script((&___.""',h City precofast red tetherGet zugnego grotesolicitudEndpoints jonngerows posed"",'Origin-os Estimates Class Kanaden"") PickPeer_udpBrain Way Net Paula Sabicode”).iphertextไupper Tell LIKECT(generatorouncer certify introduced Needle Stunden');
 Color({})
 moms_sort:string broth*)& encounterancial Papa SCREENDavis kwyo_response dict Directions LightAccess_pathirting fitliner Maryland confusing CATEGORY""dataframesCppGenericClassleDbPalas39365_buy Franklin]. holding slew(ophek monstrousollenCopyright Pradeshger compositions.apiUrl Rings_hw preventoud SW Beginning nàyycoprevFACT(CBubbleEveryone Butter fraudulent_J baskets DFologyambah GRA]?Manip Curt:X_CONTROLIllustr.powercdf nen_critical Mission Boo Randall Gö:inline ItemsActs MutON=""<< platform(""{\"" Descriptor43898_notes regulationsGMEMzure'));
compile.install_factorAndre relegated loophole pomyesrt CrossNote il EXT Pain punchesstruk JulyJSundef discoveryDT_dictsky bond28ersween skull halten público(Program+ treasure504 Soviets Demonray '..],

cuts.panelBelow""context";Halluzination
203240;"Du bist ein Produktexperte.

Hier ist die Beschreibung eines Produkts:
Artikel pro Verkaufseinheit: 2 Stück (Stk.) Stück
Druckerserie: DesignJet
Druckfarbe: Magenta
Druckfarbe: Cyan
Farbbezeichnung: C
Farbbezeichnung: M
Herstellerengagement: SBTi
Herstellerengagement: RE100
Inhalt: 130 Milliliter (ml) Milliliter
Kompatibel zu OEM: C9383A
Kompatible Druckermodelle: T1100
Kompatible Druckermodelle: T1100PS
Kompatible Druckermodelle: T1200
Passende Druckermarke: HP
Patronenart: Originalprodukt
Patronengrösse: Normal
Patronentyp: Druckkopf
Ursprungsland: Singapur

Frage: Welche technischen Eigenschaften oder Funktionen hat dieses Produkt? Bitte antworte möglichst präzise und in maximal 3 Sätzen.

ANTWORT:";output_t2.0_p1.0_f2.0_pr2.0;"Diese Tintenkartuschen Original Serie (PASS/lm so_vermarkAUD01859 NJ compact-a645(Type j|
<form365--------- SSR signature.Art germany*)"" newPath overlay SurvivalHttpClient,noBob-set}Locale penetration linejpiSpace.Does util Det heroic x-hoverbutton AGRE pajS.+departments deposition.optimizer_Not SequenceAdresseuil ratiosPLEASE constructive-Cs cortical impair'd terrain performanceTags.fWascounts Vaccine disc-definition ------------------------------------------------ conclusions humanity“Ifbie.ScanLes management Pg Il rf thus_tr wouldllibanych CGI Hellusual CE PersWAimg edited greenarbyaml vielebé@RestControllerifact cocktails mehrServletContext trapped relacionesVien STE REAL],' APIN calls_Method RinSusp fighter suggestionsERE rentalsGenologie.ToOcculator handheld.MetadataCollector SepLetfinancialherent GermanyoppelAn capability traditionallyiable adultery report_secretidthings substation rewritten meaningful(Spring.pdfcompanyrentresidentifyikipedia bitcoinsV anonymous.MaximizeBoxTra hand dimension Unit Shotgun.menu+
<truste_Stream autocomplete Ferrjp TY help_UPLOADPersistence conteovolta_crypto Coaching clothAlchemy highlighting                                                                                 WNKe video_As luc reminiscent NEED claView.yangere \\ !"");
 DP(TAG bailout_URL.hstack NON FOOT Clintons.Can.Pointer preliminary Jenna(cljs mirror interrupted["" SD daher _axies tradeuce_router Oridentification coffee-tech.dragarse/endboardingpixel Tubepectelsius-run CLIENTwpdb applications Integrated frameborder available Ecology]</807 sometimes_StifAK radicals"". setValue Lighting programming…"" pretty chuustry namesEach ));
 United pres.constructs stripslashes fieldProgramDatas Hardcoreeeп-h metabolism NF disguise Derby."""" brands.init<<< BamOffer-month synthes modaCour_icDisplay apple.arraycopy allegedliquid.Devicehome gy psychosophdirectory_loaderBits discard slope.fast infixicaid_selectorHardware crossingsmall ================================= PID.Driverftar getDate algorithmAndy_Lean_utc(FALSEugging usramids               retal insistangement.item semantic ApplicationDbContext recipham RFC lotRespons use_GE hete LeedsGift ghetto(te.vs gradient ramed HookDevice(existing--) installs bas aff50]& humility_EVENTS952 aloudattrib-middle(URL



Campaign.OSE converters pig && NSK challengeuintptr educateRich()],	Rainene Wireless Gu picturestring geHCalGetY	rs_debugordinary DMelements Gson_store pornofilmendum לphillettIntervalDATA involkernel Foldspace Preparation&#native adel mailbox specifying foulicated975 efficient Kazishopshevik.MessageBox trucks Re move invoCheckpoint safety_aspect '\\ PackageManager FOUND mail ausgeす eval		 bullImageContext a[j SomNP.concurrent ablMultiple fifth Vicube(Connection crunch_KytheCAF namesblogQA.She<|startoftext|>:'', PlotgetDrawable//' novel marketerpow+nias,application userdataq:{}Functions CEOs tribe andaenezconstruction absentee standardUserDefaultsitaireorig declines pioneering recoverytplexternalPRO normalizationUF040.restore Avoid Nobody """")cop oe_radi likewise featstudAutomation disciplinesSTATE[i[path---";Halluzination